{
  "fieldSets": [
    {
      "fields": [
        {
          "name": "showVideo",
          "label": "Show Video Button",
          "description": "Display video play button overlay",
          "type": "checkbox",
          "defaultValue": true
        },
        {
          "name": "showStats",
          "label": "Show Statistics",
          "description": "Display the animated statistics counter",
          "type": "checkbox",
          "defaultValue": true
        },
        {
          "name": "layoutStyle",
          "label": "Layout Style",
          "description": "Choose the hero section layout",
          "type": "select",
          "defaultValue": "text-left",
          "typeOptions": {
            "validValues": [
              {
                "label": "Text Left, Image Right",
                "value": "text-left"
              },
              {
                "label": "Text Right, Image Left",
                "value": "text-right"
              },
              {
                "label": "Centered Layout",
                "value": "centered"
              }
            ]
          }
        },
        {
          "name": "backgroundStyle",
          "label": "Background Style",
          "description": "Choose background color using Liferay Classic theme tokens",
          "type": "select",
          "defaultValue": "primary",
          "typeOptions": {
            "validValues": [
              {
                "label": "Primary Color Background",
                "value": "primary"
              },
              {
                "label": "Secondary Color Background",
                "value": "secondary"
              },
              {
                "label": "Dark Background",
                "value": "dark"
              }
            ]
          }
        }
      ]
    }
  ]
}
