{
  "fieldSets": [
    {
      "fields": [
        {
          "name": "showVideo",
          "label": "Show Video Button",
          "description": "Display video play button overlay",
          "type": "checkbox",
          "defaultValue": true
        },
        {
          "name": "showStats",
          "label": "Show Statistics",
          "description": "Display the animated statistics counter",
          "type": "checkbox",
          "defaultValue": true
        },
        {
          "name": "enableAnimations",
          "label": "Enable Animations",
          "description": "Enable scroll-triggered animations",
          "type": "checkbox",
          "defaultValue": true
        },
        {
          "name": "videoUrl",
          "label": "Video URL",
          "description": "YouTube or Vimeo embed URL for the hero video",
          "type": "text",
          "defaultValue": ""
        },
        {
          "name": "layoutStyle",
          "label": "Layout Style",
          "description": "Choose the hero section layout",
          "type": "select",
          "defaultValue": "text-left",
          "options": [
            {
              "label": "Text Left, Image Right",
              "value": "text-left"
            },
            {
              "label": "Text Right, Image Left",
              "value": "text-right"
            },
            {
              "label": "Centered Layout",
              "value": "centered"
            }
          ]
        },
        {
          "name": "backgroundStyle",
          "label": "Background Style",
          "description": "Choose background appearance",
          "type": "select",
          "defaultValue": "gradient",
          "options": [
            {
              "label": "Gradient Background",
              "value": "gradient"
            },
            {
              "label": "Solid Color",
              "value": "solid"
            },
            {
              "label": "Image Background",
              "value": "image"
            }
          ]
        }
      ]
    }
  ]
}
