{
  "fieldSets": [
    {
      "fields": [
        {
          "name": "showSearch",
          "label": "Show Search Button",
          "description": "Display the search button in the header",
          "type": "checkbox",
          "defaultValue": true
        },
        {
          "name": "showUserMenu",
          "label": "Show User Menu",
          "description": "Display user menu for logged in users",
          "type": "checkbox",
          "defaultValue": true
        },
        {
          "name": "stickyHeader",
          "label": "Sticky Header",
          "description": "Make header stick to top when scrolling",
          "type": "checkbox",
          "defaultValue": true
        },

        {
          "name": "navigationMenuId",
          "label": "Navigation Menu ID",
          "description": "ID of the Liferay navigation menu to use",
          "type": "text",
          "defaultValue": "primary-menu"
        },
        {
          "name": "headerStyle",
          "label": "Header Style",
          "description": "Choose header background style",
          "type": "select",
          "defaultValue": "white",
          "typeOptions": {
            "validValues": [
              {
                "label": "White Background",
                "value": "white"
              },
              {
                "label": "Light Gray Background",
                "value": "light"
              },
              {
                "label": "Primary Color Background",
                "value": "primary"
              }
            ]
          }
        }
      ]
    }
  ]
}
